paper_id,measurement_id,material_class,reproducibility_tier,bet_surface_area_m2_g,pressure_bar,measured_wt_pct,predicted_wt_pct,residual_wt_pct
HYC-0001,HYC-0001-M1,activated_carbon,B,2564.0,60.0,4.5,4.89885139465332,-0.3988513946533203
HYC-0001,HYC-0001-M3,SWCNT,B,854.0,60.0,2.52,2.796715021133423,-0.27671502113342283
HYC-0004,HYC-0004-M1,other,B,7.0,1.0,0.0,0.14232277870178223,-0.14232277870178223
HYC-0004,HYC-0004-M2,carbon_nanofiber,B,49.0,1.0,0.05,0.20969755947589874,-0.15969755947589875
HYC-0004,HYC-0004-M3,other,B,119.0,1.0,0.13,0.17429284751415253,-0.04429284751415252
HYC-0004,HYC-0004-M4,carbon_nanofiber,B,120.0,1.0,0.11,0.15498122572898865,-0.04498122572898865
HYC-0004,HYC-0004-M5,activated_carbon,B,883.0,1.0,1.29,1.887489676475525,-0.5974896764755249
HYC-0004,HYC-0004-M6,activated_carbon,B,899.0,1.0,1.65,2.0319111347198486,-0.3819111347198487
HYC-0004,HYC-0004-M7,activated_carbon,B,988.0,1.0,1.28,2.2611172199249268,-0.9811172199249267
HYC-0004,HYC-0004-M8,activated_carbon,B,287.0,1.0,0.32,1.3138374090194702,-0.9938374090194702
HYC-0004,HYC-0004-M9,other,B,287.0,1.0,0.32,1.21064293384552,-0.89064293384552
HYC-0004,HYC-0004-M10,carbon_nanofiber,B,65.0,1.0,0.06,0.3616434633731842,-0.3016434633731842
HYC-0004,HYC-0004-M11,activated_carbon,B,841.0,1.0,1.35,1.8088380098342896,-0.45883800983428946
HYC-0004,HYC-0004-M12,activated_carbon,B,988.0,1.0,1.28,2.327284574508667,-1.047284574508667
HYC-0004,HYC-0004-M13,activated_carbon,B,1195.0,1.0,1.69,2.372878074645996,-0.6828780746459961
HYC-0004,HYC-0004-M14,activated_carbon,B,922.0,1.0,1.51,1.7381147146224976,-0.22811471462249755
HYC-0004,HYC-0004-M15,activated_carbon,B,1030.0,1.0,1.54,2.018348217010498,-0.478348217010498
HYC-0004,HYC-0004-M16,activated_carbon,B,933.0,1.0,1.45,1.6973768472671509,-0.24737684726715092
HYC-0004,HYC-0004-M17,activated_carbon,B,1051.0,1.0,1.48,1.776531457901001,-0.296531457901001
HYC-0004,HYC-0004-M18,activated_carbon,B,1176.0,1.0,1.68,2.241046667098999,-0.5610466670989991
HYC-0004,HYC-0004-M19,activated_carbon,B,2029.0,1.0,2.14,2.4907400608062744,-0.3507400608062743
HYC-0004,HYC-0004-M20,activated_carbon,B,1462.0,1.0,1.31,2.196592092514038,-0.886592092514038
HYC-0004,HYC-0004-M21,carbon_nanofiber,B,238.0,1.0,0.2,1.282436728477478,-1.082436728477478
HYC-0023,HYC-0023-M1,carbide_derived_carbon,A,1143.0,60.0,3.3,2.966926336288452,0.3330736637115477
HYC-0023,HYC-0023-M2,carbide_derived_carbon,A,1150.0,60.0,3.3,3.0012407302856445,0.2987592697143553
HYC-0023,HYC-0023-M3,carbide_derived_carbon,A,1247.0,60.0,3.1,2.959209442138672,0.1407905578613282
HYC-0023,HYC-0023-M4,carbide_derived_carbon,A,1521.0,60.0,3.5,3.4210972785949707,0.0789027214050293
HYC-0023,HYC-0023-M5,carbide_derived_carbon,A,1358.0,60.0,2.9,3.3985037803649902,-0.4985037803649903
HYC-0023,HYC-0023-M6,carbide_derived_carbon,A,2228.0,60.0,4.5,4.712948799133301,-0.21294879913330078
HYC-0023,HYC-0023-M7,carbide_derived_carbon,A,1991.0,60.0,4.5,4.060920715332031,0.43907928466796875
HYC-0023,HYC-0023-M8,carbide_derived_carbon,A,2307.0,60.0,4.2,5.3694586753845215,-1.1694586753845213
HYC-0023,HYC-0023-M9,carbide_derived_carbon,A,2471.0,60.0,4.3,5.419083118438721,-1.1190831184387209
HYC-0023,HYC-0023-M10,carbide_derived_carbon,A,1708.0,60.0,3.1,3.8698513507843018,-0.7698513507843017
HYC-0023,HYC-0023-M11,carbide_derived_carbon,A,1721.0,60.0,3.7,3.897794723510742,-0.197794723510742
HYC-0023,HYC-0023-M12,carbide_derived_carbon,A,2409.0,60.0,4.58,5.331521987915039,-0.751521987915039
HYC-0023,HYC-0023-M13,carbide_derived_carbon,A,2643.0,60.0,4.62,5.414473533630371,-0.794473533630371
HYC-0023,HYC-0023-M14,carbide_derived_carbon,A,1860.0,60.0,3.9,3.8925325870513916,0.00746741294860831
HYC-0023,HYC-0023-M15,carbide_derived_carbon,A,2409.0,60.0,4.5,5.308472633361816,-0.8084726333618164
HYC-0023,HYC-0023-M16,carbide_derived_carbon,A,3038.0,60.0,4.7,5.75370979309082,-1.0537097930908201
HYC-0023,HYC-0023-M17,carbide_derived_carbon,A,2072.0,60.0,4.0,4.528915882110596,-0.5289158821105957
HYC-0023,HYC-0023-M18,carbide_derived_carbon,A,1481.0,60.0,2.63,3.436189889907837,-0.806189889907837
HYC-0023,HYC-0023-M19,carbide_derived_carbon,A,1980.0,60.0,4.0,4.2060346603393555,-0.20603466033935547
HYC-0023,HYC-0023-M20,carbide_derived_carbon,A,1875.0,60.0,4.35,4.271046161651611,0.07895383834838832
HYC-0023,HYC-0023-M21,carbide_derived_carbon,A,1298.0,60.0,3.6,3.255535125732422,0.3444648742675782
HYC-0023,HYC-0023-M22,carbide_derived_carbon,A,1178.0,60.0,3.1,2.9648213386535645,0.13517866134643564
HYC-0023,HYC-0023-M23,carbide_derived_carbon,A,1155.0,60.0,3.07,3.0012407302856445,0.06875926971435531
HYC-0016,HYC-0016-M6,reduced_graphene_oxide,B,370.0,38.9,1.03,2.0895609855651855,-1.0595609855651855
HYC-0016,HYC-0016-M7,reduced_graphene_oxide,B,650.0,39.3,1.65,2.1925015449523926,-0.5425015449523927
HYC-0016,HYC-0016-M8,reduced_graphene_oxide,B,1259.0,38.8,2.82,2.5535035133361816,0.2664964866638182
HYC-0016,HYC-0016-M9,reduced_graphene_oxide,B,1450.0,38.7,3.53,2.7546024322509766,0.7753975677490232
HYC-0016,HYC-0016-M10,reduced_graphene_oxide,B,1730.0,38.4,4.19,3.3052353858947754,0.884764614105225
HYC-0016,HYC-0016-M11,activated_carbon,B,1830.0,38.7,4.36,3.795031785964966,0.5649682140350345
HYC-0016,HYC-0016-M12,reduced_graphene_oxide,B,2300.0,38.7,5.11,4.626420021057129,0.4835799789428714
HYC-0018,HYC-0018-M1,reduced_graphene_oxide,B,248.0,30.0,3.12,2.0152857303619385,1.1047142696380616
HYC-0018,HYC-0018-M2,reduced_graphene_oxide,B,46.0,30.0,0.71,1.8795920610427856,-1.1695920610427857
HYC-0018,HYC-0018-M3,reduced_graphene_oxide,B,135.0,30.0,1.53,1.9219151735305786,-0.3919151735305786
HYC-0021,HYC-0021-M1,doped_carbon,A,11.0,1.0,0.03,0.48226550221443176,-0.45226550221443174
HYC-0021,HYC-0021-M2,doped_carbon,A,18.0,1.0,0.63,0.48226550221443176,0.14773449778556824
HYC-0021,HYC-0021-M3,doped_carbon,A,526.0,1.0,1.47,1.1100612878799438,0.3599387121200561
HYC-0021,HYC-0021-M4,doped_carbon,A,1317.0,1.0,2.96,1.5992902517318726,1.3607097482681274
HYC-0021,HYC-0021-M5,doped_carbon,A,1342.0,1.0,2.43,1.6482021808624268,0.7817978191375734
HYC-0021,HYC-0021-M6,doped_carbon,A,2386.0,1.0,2.42,2.2487106323242188,0.17128936767578118
HYC-0013,HYC-0013-M3,reduced_graphene_oxide,A,375.0,50.0,2.07,1.189812183380127,0.8801878166198729
HYC-0013,HYC-0013-M5,reduced_graphene_oxide,A,9.0,50.0,0.54,0.859131932258606,-0.3191319322586059
HYC-0013,HYC-0013-M7,graphene,A,190.0,50.0,2.16,0.9990225434303284,1.1609774565696718
HYC-0017,HYC-0017-M1,graphene,B,156.0,1.0,0.4,0.4088610112667084,-0.008861011266708352
HYC-0019,HYC-0019-M1,activated_carbon,B,2623.0,1.0,2.554,2.5833640098571777,-0.02936400985717791
HYC-0019,HYC-0019-M3,activated_carbon,B,2675.0,1.0,2.645,2.8327364921569824,-0.1877364921569824
HYC-0019,HYC-0019-M5,activated_carbon,B,2358.0,1.0,2.466,2.4881503582000732,-0.02215035820007305
HYC-0019,HYC-0019-M7,activated_carbon,B,2317.0,1.0,1.941,2.4881503582000732,-0.5471503582000732
HYC-0019,HYC-0019-M9,activated_carbon,B,468.0,1.0,0.696,1.21438467502594,-0.51838467502594
HYC-0019,HYC-0019-M11,activated_carbon,B,1622.0,1.0,1.498,1.812861680984497,-0.31486168098449707
HYC-0022,HYC-0022-M1,activated_carbon,B,1585.0,1.0,1.23,2.4384326934814453,-1.2084326934814453
HYC-0022,HYC-0022-M2,activated_carbon,B,1488.0,1.0,1.7,2.3549752235412598,-0.6549752235412598
HYC-0022,HYC-0022-M3,activated_carbon,B,1308.0,1.0,1.27,2.322984457015991,-1.0529844570159912
HYC-0022,HYC-0022-M4,activated_carbon,B,2009.0,1.0,2.23,2.5578033924102783,-0.32780339241027834
HYC-0022,HYC-0022-M6,activated_carbon,B,3190.0,1.0,2.49,2.7062950134277344,-0.21629501342773416
HYC-0031,HYC-0031-M2,activated_carbon,B,2001.0,1.0,3.1,2.43586802482605,0.6641319751739503
HYC-0031,HYC-0031-M4,activated_carbon,B,2001.0,20.0,5.6,5.300909996032715,0.2990900039672848
HYC-0031,HYC-0031-M6,activated_carbon,B,2001.0,30.0,5.8,5.30708646774292,0.4929135322570799
HYC-0031,HYC-0031-M10,activated_carbon,B,3771.0,1.0,3.9,2.7915091514587402,1.1084908485412597
HYC-0031,HYC-0031-M12,activated_carbon,A,3771.0,20.0,7.0,6.324427127838135,0.6755728721618652
HYC-0031,HYC-0031-M14,activated_carbon,A,3771.0,30.0,7.2,6.310483455657959,0.8895165443420412
HYC-0031,HYC-0031-M19,activated_carbon,B,2864.0,1.0,3.4,2.946112871170044,0.45388712882995597
HYC-0031,HYC-0031-M21,activated_carbon,B,2864.0,20.0,6.0,6.610681533813477,-0.6106815338134766
HYC-0031,HYC-0031-M23,activated_carbon,B,2864.0,30.0,6.1,6.6245527267456055,-0.5245527267456058
HYC-0032,HYC-0032-M1,doped_carbon,B,1118.0,1.0,2.62,1.6564875841140747,0.9635124158859254
HYC-0032,HYC-0032-M3,doped_carbon,B,918.0,1.0,2.59,1.5770577192306519,1.012942280769348
HYC-0032,HYC-0032-M5,doped_carbon,B,713.0,1.0,2.22,1.52046537399292,0.6995346260070803
HYC-0032,HYC-0032-M7,activated_carbon,B,812.0,1.0,2.28,1.4716734886169434,0.8083265113830564
HYC-0032,HYC-0032-M9,activated_carbon,B,408.0,1.0,1.78,1.07087242603302,0.70912757396698
HYC-0034,HYC-0034-M1,doped_carbon,B,1452.0,1.0,2.19,2.243666648864746,-0.05366664886474615
HYC-0034,HYC-0034-M2,doped_carbon,B,1452.0,20.0,4.23,3.233762741088867,0.9962372589111332
HYC-0034,HYC-0034-M3,doped_carbon,B,2493.0,1.0,2.57,2.6929612159729004,-0.12296121597290055
HYC-0034,HYC-0034-M4,doped_carbon,B,2493.0,20.0,5.63,6.146982192993164,-0.5169821929931642
HYC-0034,HYC-0034-M5,doped_carbon,B,2919.0,1.0,2.71,3.4013235569000244,-0.6913235569000244
HYC-0034,HYC-0034-M6,doped_carbon,B,2919.0,20.0,6.77,6.285236835479736,0.48476316452026325
HYC-0034,HYC-0034-M7,doped_carbon,B,1954.0,1.0,1.99,2.9836275577545166,-0.9936275577545166
HYC-0034,HYC-0034-M8,doped_carbon,B,1954.0,20.0,4.66,5.062961578369141,-0.4029615783691405
HYC-0034,HYC-0034-M9,doped_carbon,B,1741.0,1.0,1.75,2.8326921463012695,-1.0826921463012695
HYC-0034,HYC-0034-M10,doped_carbon,B,1741.0,20.0,5.22,4.185582160949707,1.0344178390502927
HYC-0034,HYC-0034-M11,doped_carbon,B,2507.0,1.0,2.38,2.7646684646606445,-0.38466846466064464
HYC-0034,HYC-0034-M12,doped_carbon,B,2507.0,20.0,6.0,6.183627128601074,-0.18362712860107422
HYC-0034,HYC-0034-M13,activated_carbon,B,1394.0,1.0,2.23,2.0542421340942383,0.1757578659057617
HYC-0034,HYC-0034-M14,activated_carbon,B,1394.0,20.0,4.5,3.1251752376556396,1.3748247623443604
HYC-0037,HYC-0037-M1,MWCNT,B,135.0,1.0,0.21,0.44188979268074036,-0.23188979268074036
HYC-0037,HYC-0037-M2,MWCNT,B,135.0,7.0,1.21,0.671271800994873,0.5387281990051269
HYC-0041,HYC-0041-M1,activated_carbon,B,1678.0,0.93,1.98,2.1716322898864746,-0.19163228988647463
HYC-0041,HYC-0041-M2,activated_carbon,B,1512.0,0.93,1.81,1.743738055229187,0.06626194477081304
HYC-0041,HYC-0041-M3,activated_carbon,B,1572.0,0.93,1.81,2.2194204330444336,-0.40942043304443354
HYC-0041,HYC-0041-M4,doped_carbon,B,1646.0,0.93,2.14,2.332834482192993,-0.19283448219299304
HYC-0041,HYC-0041-M5,doped_carbon,B,1554.0,0.93,2.1,2.0512337684631348,0.04876623153686532
HYC-0041,HYC-0041-M6,doped_carbon,B,1554.0,0.93,2.34,2.376664638519287,-0.03666463851928725
HYC-0041,HYC-0041-M7,doped_carbon,B,1514.0,0.93,1.9,1.9269030094146729,-0.02690300941467294
HYC-0041,HYC-0041-M8,doped_carbon,B,1407.0,0.93,1.68,1.7128899097442627,-0.03288990974426276
HYC-0041,HYC-0041-M9,doped_carbon,B,1100.0,0.93,1.88,1.7240325212478638,0.15596747875213612
HYC-0041,HYC-0041-M10,doped_carbon,B,1047.0,0.93,1.4,1.7100248336791992,-0.3100248336791993
HYC-0041,HYC-0041-M11,doped_carbon,B,1003.0,0.93,1.74,1.369727373123169,0.37027262687683105
HYC-0041,HYC-0041-M12,doped_carbon,B,853.0,0.93,1.33,1.4336562156677246,-0.10365621566772454
HYC-0041,HYC-0041-M13,doped_carbon,B,1108.0,0.93,1.69,1.7240325212478638,-0.03403252124786382
HYC-0042,HYC-0042-M1,templated_carbon,B,3206.0,1.0,2.38,2.847550392150879,-0.467550392150879
HYC-0042,HYC-0042-M2,composite,B,2433.0,1.0,1.87,2.8747682571411133,-1.0047682571411132
HYC-0042,HYC-0042-M3,composite,B,1767.0,1.0,1.65,2.8718349933624268,-1.2218349933624268
HYC-0043,HYC-0043-M1,activated_carbon,B,1902.0,1.0,2.24,2.8912549018859863,-0.6512549018859861
HYC-0044,HYC-0044-M4,activated_carbon,B,3058.0,100.0,5.14,4.961755752563477,0.17824424743652312
HYC-0044,HYC-0044-M5,composite,B,2760.0,100.0,5.3,4.502740383148193,0.7972596168518065
HYC-0044,HYC-0044-M6,composite,B,2611.0,100.0,5.45,4.558830738067627,0.8911692619323732
HYC-0044,HYC-0044-M7,composite,B,2503.0,100.0,5.17,4.558314800262451,0.6116851997375488
HYC-0045,HYC-0045-M6,templated_carbon,A,3332.0,20.0,6.2,5.991742134094238,0.2082578659057619
HYC-0046,HYC-0046-M5,carbon_aerogel,B,3200.0,30.0,5.3,5.595886707305908,-0.2958867073059084
HYC-0047,HYC-0047-M2,activated_carbon,A,1149.0,40.0,3.2,2.9334616661071777,0.26653833389282244
HYC-0047,HYC-0047-M4,activated_carbon,A,1308.0,40.0,3.1,3.0959296226501465,0.0040703773498536044
HYC-0047,HYC-0047-M6,activated_carbon,A,2029.0,40.0,4.8,4.244443893432617,0.5555561065673826
HYC-0047,HYC-0047-M8,activated_carbon,A,2275.0,40.0,5.6,4.8759918212890625,0.7240081787109371
HYC-0047,HYC-0047-M10,activated_carbon,A,2451.0,40.0,5.9,5.185143947601318,0.714856052398682
HYC-0047,HYC-0047-M12,activated_carbon,A,2502.0,40.0,5.7,5.07137393951416,0.62862606048584
HYC-0047,HYC-0047-M14,activated_carbon,A,2849.0,40.0,5.9,5.616198539733887,0.28380146026611364
HYC-0047,HYC-0047-M16,activated_carbon,A,3073.0,40.0,5.6,5.305797100067139,0.294202899932861
HYC-0047,HYC-0047-M18,activated_carbon,A,3220.0,40.0,5.5,5.406306743621826,0.09369325637817383
HYC-0048,HYC-0048-M1,activated_carbon,B,2021.91,35.0,6.12,4.909686088562012,1.2103139114379884
HYC-0048,HYC-0048-M2,activated_carbon,B,2299.25,35.0,6.8,5.17160701751709,1.62839298248291
HYC-0048,HYC-0048-M3,activated_carbon,B,2243.57,35.0,6.57,5.086150169372559,1.4838498306274417
HYC-0050,HYC-0050-M1,activated_carbon,B,2558.0,1.0,2.9,2.977849006652832,-0.07784900665283212
HYC-0050,HYC-0050-M2,activated_carbon,B,1052.0,1.0,2.0,1.1934915781021118,0.8065084218978882
HYC-0050,HYC-0050-M3,activated_carbon,B,1271.0,1.0,2.1,2.09784197807312,0.0021580219268799716
HYC-0050,HYC-0050-M4,activated_carbon,B,1501.0,1.0,1.98,1.732376217842102,0.24762378215789793
HYC-0050,HYC-0050-M5,activated_carbon,B,1730.0,1.0,2.1,2.188399076461792,-0.0883990764617919
HYC-0053,HYC-0053-M1,activated_carbon,B,745.0,1.0,1.84,1.3553411960601807,0.4846588039398194
HYC-0053,HYC-0053-M2,activated_carbon,B,963.0,1.0,2.17,1.5222997665405273,0.6477002334594726
HYC-0053,HYC-0053-M3,activated_carbon,B,1506.0,1.0,2.58,2.089308977127075,0.4906910228729249
HYC-0053,HYC-0053-M4,activated_carbon,B,1879.0,1.0,2.65,2.411076784133911,0.23892321586608878
HYC-0053,HYC-0053-M5,activated_carbon,B,2013.0,1.0,2.8,2.2499945163726807,0.5500054836273192
HYC-0053,HYC-0053-M6,activated_carbon,B,2400.0,1.0,2.66,2.3873136043548584,0.27268639564514174
HYC-0053,HYC-0053-M7,activated_carbon,B,2157.0,1.0,2.37,2.4258923530578613,-0.05589235305786122
HYC-0053,HYC-0053-M8,activated_carbon,B,1300.0,1.0,2.4,1.7421437501907349,0.657856249809265
HYC-0053,HYC-0053-M9,activated_carbon,B,1569.0,1.0,2.65,1.8153365850448608,0.8346634149551391
HYC-0053,HYC-0053-M10,activated_carbon,B,1812.0,1.0,2.57,2.0069684982299805,0.5630315017700194
HYC-0053,HYC-0053-M11,activated_carbon,B,2055.0,1.0,2.54,2.325758218765259,0.21424178123474125
HYC-0053,HYC-0053-M12,activated_carbon,B,2202.0,1.0,2.38,2.4258923530578613,-0.045892353057861435
HYC-0053,HYC-0053-M13,activated_carbon,B,2312.0,1.0,2.55,2.415724754333496,0.13427524566650373
HYC-0053,HYC-0053-M14,activated_carbon,B,1724.0,1.0,2.53,1.924307942390442,0.6056920576095579
HYC-0053,HYC-0053-M15,other,B,3008.0,1.0,2.54,2.5415754318237305,-0.0015754318237304332
HYC-0053,HYC-0053-M16,other,B,2051.0,1.0,2.15,1.9305260181427002,0.21947398185729972
HYC-0049,HYC-0049-M9,templated_carbon,A,3591.0,24.0,5.5,5.48206090927124,0.017939090728759766
HYC-0057,HYC-0057-M1,templated_carbon,A,1363.0,1.13,1.42,1.4533820152282715,-0.033382015228271555
HYC-0057,HYC-0057-M2,templated_carbon,A,1995.0,1.13,2.01,1.8963170051574707,0.11368299484252908
HYC-0057,HYC-0057-M3,templated_carbon,A,1900.0,1.13,1.93,1.7096582651138306,0.22034173488616937
HYC-0057,HYC-0057-M4,templated_carbon,A,1329.0,1.13,1.39,1.5598188638687134,-0.16981886386871348
HYC-0057,HYC-0057-M5,templated_carbon,A,1654.0,1.13,1.62,1.6363245248794556,-0.01632452487945546
HYC-0057,HYC-0057-M6,templated_carbon,A,1510.0,1.13,1.45,1.640976905822754,-0.19097690582275395
HYC-0057,HYC-0057-M7,templated_carbon,A,1497.0,1.13,1.32,1.3457916975021362,-0.02579169750213617
HYC-0057,HYC-0057-M8,activated_carbon,B,1424.0,40.0,2.81,3.271359443664551,-0.46135944366455073
HYC-0057,HYC-0057-M9,activated_carbon,B,1662.0,40.0,3.69,3.2901298999786377,0.39987010002136225
HYC-0057,HYC-0057-M10,activated_carbon,B,2711.0,40.0,5.25,5.009852409362793,0.24014759063720703
HYC-0057,HYC-0057-M11,activated_carbon,B,2811.0,40.0,5.68,5.009852409362793,0.6701475906372067
HYC-0057,HYC-0057-M12,activated_carbon,B,2943.0,40.0,5.75,4.977554798126221,0.7724452018737793
HYC-0057,HYC-0057-M13,activated_carbon,B,2466.0,40.0,4.86,5.00694465637207,-0.14694465637207
HYC-0057,HYC-0057-M14,activated_carbon,B,1587.0,40.0,3.3,3.210885763168335,0.08911423683166486
HYC-0057,HYC-0057-M15,activated_carbon,B,2075.0,40.0,3.91,4.741297245025635,-0.8312972450256346
HYC-0057,HYC-0057-M16,activated_carbon,B,2698.0,40.0,5.02,5.009852409362793,0.010147590637206605
HYC-0057,HYC-0057-M17,activated_carbon,B,2441.0,40.0,4.84,4.9360270500183105,-0.09602705001831069
HYC-0057,HYC-0057-M18,activated_carbon,B,1992.0,40.0,3.33,4.779483318328857,-1.4494833183288574
HYC-0057,HYC-0057-M19,activated_carbon,B,1627.0,40.0,3.05,3.2208075523376465,-0.17080755233764666
HYC-0057,HYC-0057-M20,activated_carbon,B,1752.0,40.0,3.32,4.152376174926758,-0.832376174926758
HYC-0057,HYC-0057-M21,activated_carbon,B,2438.0,40.0,4.3,4.9360270500183105,-0.6360270500183107
HYC-0057,HYC-0057-M22,activated_carbon,B,2625.0,40.0,4.51,5.009852409362793,-0.4998524093627932
HYC-0057,HYC-0057-M23,activated_carbon,B,1627.0,40.0,3.5,3.2208075523376465,0.2791924476623535
HYC-0057,HYC-0057-M24,activated_carbon,B,2228.0,40.0,4.36,4.945120811462402,-0.585120811462402
HYC-0057,HYC-0057-M25,activated_carbon,B,2545.0,40.0,4.61,5.003990173339844,-0.39399017333984343
HYC-0060,HYC-0060-M1,activated_carbon,A,423.0,10.0,1.4,1.2725944519042969,0.12740554809570304
HYC-0063,HYC-0063-M2,activated_carbon,B,2147.0,1.0,2.39,2.762129783630371,-0.37212978363037097
