paper_id,title,authors,year,journal,doi,search_source,screening_decision,exclusion_reason,pdf_obtained,extraction_status,extraction_date,notes
HYC-0001,Hydrogen adsorption in different carbon nanostructures,"Panella, B., Hirscher, M., Roth, S.",2005,Carbon,10.1016/j.carbon.2005.03.037,anchor:Panella2005,include,,yes,verified,2026-10-05,"foundational anchor; multiple nanostructure types in one paper; calibration reference; Dual-agent verified 2026-10-05 (Agent B sonnet, independent per-paper re-read; Agent C adjudication). All measured values confirmed; see dataset verified_by and docs/ai_usage_log.md."
HYC-0002,Hydrogen Storage in Single-Walled Carbon Nanotubes at Room Temperature,"Liu, C., Fan, Y. Y., Liu, M., Cong, H. T., Dresselhaus, M. S.",1999,Science,10.1126/science.286.5442.1127,anchor:Liu1999,include,,yes,verified,2026-10-05,"foundational anchor; multiple nanostructure types in one paper; calibration reference; Dual-agent verified 2026-10-05 (Agent B sonnet, independent per-paper re-read; Agent C adjudication). All measured values confirmed; see dataset verified_by and docs/ai_usage_log.md."
HYC-0003,Hydrogen storage by alkali-doped carbon nanotubes–revisited,"Yang, R.",2000,Carbon,10.1016/S0008-6223(99)00273-0,anchor:Yang2000,include,,no,not_started,,foundational anchor; multiple nanostructure types in one paper; calibration reference
HYC-0004,Hydrogen storage using physisorption – materials demands,"Nijkamp. M. G., Raaymakers, J. E. M. J., van Dillen, A. J., de Jong, K. P.",2001,Applied Physics A,10.1007/s003390100847,anchor:Nijkamp2001,include,,yes,verified,2026-10-05,"foundational anchor; multiple nanostructure types in one paper; calibration reference; Dual-agent verified 2026-10-05 (Agent B sonnet, independent per-paper re-read; Agent C adjudication). All measured values confirmed; see dataset verified_by and docs/ai_usage_log.md."
HYC-0005,Hydrogen storage in activated carbon materials: Role of the nanoporous texture,"Texier-Mandoki, N., Dentzer, J., Piquero, T., Saadallah, S., David, P., Vix-Guterl, C.",2004,Carbon,10.1016/j.carbon.2004.05.018,anchor:TexierMandoki2004,include,,yes,verified,2026-10-05,"foundational anchor; multiple nanostructure types in one paper; calibration reference; Dual-agent verified 2026-10-05 (Agent B sonnet, independent per-paper re-read; Agent C adjudication). All measured values confirmed; see dataset verified_by and docs/ai_usage_log.md."
HYC-0006,Adsorption Storage of Gaseous Hydrogen at Cryogenic Temperatures,"Chahine, R., Benard, P.",1998,Conference proceedings,10.1007/978-1-4757-9047-4_157,anchor:Chahine1998,include,,no,not_started,,foundational anchor; multiple nanostructure types in one paper; calibration reference
HYC-0007,Adsorptive hydrogen storage in carbon and porous materials,"Takagi, H., Hatori, H., Soneda, Y., Yoshizawa, N., Yamada, Y.",2004,Materials Science and Engineering: B,10.1016/j.mseb.2003.10.095,google_scholar:S1,include,,yes,verified,2026-09-26,
HYC-0008,Hydrogen Storage Behaviors by Adsorption on Multi-Walled Carbon Nanotubes,"Elyassi, M., Rashidi, A., Hantehzadeh, M. R., Elahi, S. M.",2016, Journal of Inorganic and Organometallic Polymers and Materials,10.1007/s10904-016-0471-y,google_scholar:S1,include,,no,not_started,,
HYC-0009,H2 storage on single- and multi-walled carbon nanotubes,"Ioannatos, G.E., Verykios, X.E.",2010,International Journal of Hydrogen Energy,10.1016/j.ijhydene.2009.11.029,google_scholar:S1,include,,yes,verified,2026-09-25,
HYC-0010,Hydrogen storage in carbon nanostructures,"Zuttel, A., Sudan, P., Mauron, Ph., Kiyobayashi, T., Emmenegger, Ch., Schlapbach, L.",2002,International Journal of Hydrogen Energy,10.1016/S0360-3199(01)00108-2,google_scholar:S1,exclude,no_conditions_stated,no,not_started,,
HYC-0011,Hydrogen storage by carbon nanotube and their films under ambient pressure,"Qikun, W., Changchun, Z., Weihua, L., Ting, W.",2002,International Journal of Hydrogen Energy,10.1016/S0360-3199(01)00162-8,google_scholar:S1,include,,yes,verified,2026-09-25,
HYC-0012,Hydrogen storage in carbon nanotubes revisited,"Liu, C., Chen, Y., Wu, C., Xu, S., Cheng, H.",2010,Carbon,10.1016/j.carbon.2009.09.060,google_scholar:S1,include,,yes,verified,2026-09-25,
HYC-0013,Hydrogen uptake of reduced graphene oxide and graphene sheets decorated with Fe nanoclusters,"Hudson, M., Raghubanshi, H., Aswathi, S., Sadhasivam, T., Bhatnager, A., Simizu, S., Sankar, S. G., Srivastava, O. N.",2014,International Journal of Hydrogen Energy,10.1016/j.ijhydene.2014.03.118,google_scholar:S2,include,,yes,verified,2026-10-05,"Dual-agent verified 2026-10-05 (Agent B sonnet, independent per-paper re-read; Agent C adjudication). All measured values confirmed; see dataset verified_by and docs/ai_usage_log.md."
HYC-0014,Enhanced Hydrogen Storage in Graphene Oxide-MWCNTs Composite at Room Temperature,"Aboutalebi, S., Aminorroaya-Yamini, S., Nevirkovets, I., Konstantinov, K., Liu, H.",2012,Advanced Energy Materials,10.1002/aenm.201200154,google_scholar:S2,include,,no,not_started,,
HYC-0015,Role of interlayer spacing and functional group on the hydrogen storage properties of graphene oxide and reduced graphene oxide,"Rajaura, R., Srivastava, S., Sharma, V., Sharma, P. K., Lal, C., Singh, M., Palsania, H. S., Vijay, Y. K.",2016,International Journal of Hydrogen Energy,10.1016/j.ijhydene.2016.04.115,google_scholar:S2,include,,yes,verified,2026-09-25,
HYC-0016,Hydrogen storage in bulk graphene-related materials,"Klechikov, A., Mercier, G., Merino, P., Blanco, S., Merino, C., Talyzin, A.",2015,Microporous and Mesoporous Materials,10.1016/j.micromeso.2015.02.017,google_scholar:S2,include,,yes,verified,2026-10-05,"Dual-agent verified 2026-10-05 (Agent B sonnet, independent per-paper re-read; Agent C adjudication). All measured values confirmed; see dataset verified_by and docs/ai_usage_log.md."
HYC-0017,Hydrogen adsorption behavior of graphene above critical temperature,"Ma, L., Wu, Z., Li, J., Wu, E., Ren, W., Cheng, H.",2009,International Journal of Hydrogen Energy,10.1016/j.ijhydene.2008.12.079,google_scholar:S2,include,,yes,verified,2026-09-25,
HYC-0018,Thermally exfoliated graphene oxide for hydrogen storage,"Singh, S., De, M.",2020,Materials Chemistry and Physics,10.1016/j.matchemphys.2019.122102,google_scholar:S2,include,,yes,verified,2026-10-05,"Dual-agent verified 2026-10-05 (Agent B sonnet, independent per-paper re-read; Agent C adjudication). All measured values confirmed; see dataset verified_by and docs/ai_usage_log.md."
HYC-0019,Effect of surface oxides on hydrogen storage of activated carbon,"Huang, C., Chen, H., Chen, C., Huang, J.",2010,Separation and Purification Technology,10.1016/j.seppur.2009.10.009,google_scholar:S3,include,,yes,verified,2026-09-25,
HYC-0020,Medium-pressure hydrogen storage on activated carbon derived from biomass conversion,"Serafin, J., Dziejarski, B., Solis, C., de la Piscina, P., Homs, N.",2024,Fuel,10.1016/j.fuel.2024.130975,google_scholar:S3,include,,yes,verified,2026-10-05,"Dual-agent verified 2026-10-05 (Agent B sonnet, independent per-paper re-read; Agent C adjudication). All measured values confirmed; see dataset verified_by and docs/ai_usage_log.md."
HYC-0021,Activated carbon with optimum pore size distribution for hydrogen storage,"Sethia, G., Sayari, A.",2016,Carbon,10.1016/j.carbon.2015.12.032,google_scholar:S3,include,,yes,verified,2026-10-05,"Dual-agent verified 2026-10-05 (Agent B sonnet, independent per-paper re-read; Agent C adjudication). All measured values confirmed; see dataset verified_by and docs/ai_usage_log.md."
HYC-0022,High Hydrogen Storage Capacity of Porous Carbons Prepared by Using Activated Carbon,"Wang, H., Gao, Q., Hu, J.",2009,Journal of the American Chemical Society,10.1021/ja8083225,google_scholar:S3,include,,yes,verified,2026-09-25,
HYC-0023,Importance of pore size in high-pressure hydrogen storage by porous carbons,"Gogotsi, Y., Portet, C., Osswald, S., Simmons, J., Yildirim, T., Laudisio, G., Fischer, J.",2009,International Journal of Hydrogen Energy,10.1016/j.ijhydene.2009.05.073,google_scholar:S3,include,,yes,verified,2026-10-05,"Dual-agent verified 2026-10-05 (Agent B sonnet, independent per-paper re-read; Agent C adjudication). All measured values confirmed; see dataset verified_by and docs/ai_usage_log.md."
HYC-0024,Hydrogen Storage in Activated Carbons and Activated Carbon Fibers,"de la Casa-Lillo, M., Lamari-Darkrim, F., Cazorla-Amoros, D., Linares-Solano, A.",2002,The Journal of Physical Chemistry B,10.1021/jp014543m,google_scholar:S3,include,,yes,verified,2026-09-26,
HYC-0025,Hydrogen storage in boron-doped carbon nanotubes: Effect of dopant concentration,"Sawant, S., Yadav, M., Banerjee, S., Patwardhan, A., Joshi, J., Dasgupta, K., ",2021,International Journal of Hydrogen Energy,10.1016/j.ijhydene.2021.09.183,google_scholar:S4,include,,yes,verified,2026-09-25,
HYC-0026,Hydrogen uptake of high surface area-activated carbons doped with nitrogen,"Zhao, W., Fierro, V., Fernandez-Huerta, N., Izquierdo, M. T., Celzard, W.",2013,International Journal of Hydrogen Energy,10.1016/j.ijhydene.2013.06.048,google_scholar:S4,include,,yes,verified,2026-09-25,
HYC-0027,Effect of Nitrogen Doping on Hydrogen Storage Capacity of Palladium Decorated Graphene,"Parambhath, V., Nagar, R., Ramaprabhu, S.",2012,Langmuir,10.1021/la301232r,google_scholar:S4,include,,yes,verified,2026-10-05,"Dual-agent verified 2026-10-05 (Agent B sonnet, independent per-paper re-read; Agent C adjudication). All measured values confirmed; see dataset verified_by and docs/ai_usage_log.md."
HYC-0028,Nitrogen-doped or boron-doped twin T-graphene as advanced and reversible hydrogen storage media,"Chen. F., Zhang, X., Guan, X., Gao, S., Hao, J., Li, L., Yuan, Y., Zhang, C., Chen, W., Lu, P.",2023,Applied Surface Science,10.1016/j.apsusc.2023.156895,google_scholar:S4,exclude,theoretical_only,no,not_started,,
HYC-0029,Enhancement of hydrogen spillover onto carbon nanotubes with defect feature,"Chen, C., Huang, C.",2008,Microporous and Mesoporous Materials,10.1016/j.micromeso.2007.06.003,google_scholar:S5,include,,yes,verified,2026-09-25,
HYC-0030,Adsorption of Spillover Hydrogen Atoms on Single-Wall Carbon Nanotubes,"Yang, F., Lachawiev, A., Yang, R.",2006,The Journal of Physical Chemistry B,10.1021/jp056461u,google_scholar:S5,exclude,theoretical_only,no,not_started,,
HYC-0031,Oxygen-rich microporous carbons with exceptional hydrogen storage capacity,L. Scott Blankenship; Norah Balahmar; Robert Mokaya,2017,Nature Communications,10.1038/s41467-017-01633-x,phase_d:A1:A1-10,include,,yes,extracted,2026-09-30,"reports 77 K uptake and a BET area; doped carbon measured at 77 K (Fig 4 / ML doping blocker); reports volumetric storage density (gap 10 fields); extracted 2026-09-30, 32 rows (12 Tier A / 17 B / 3 C); dual-agent protocol run, 8 cells disputed and 6 upheld, but NOT marked verified because two resolutions turn on Supplementary Table 4 / Supplementary Fig. 11, which are not in the obtained PDF. SCREENING TAG CORRECTED: the doped_77K tag above is WRONG - this is not a doped carbon. Its oxygen comes from the cellulose acetate precursor and the authors contrast their work with heteroatom doping; XPS finds only C and O; dopant_element is empty on all 32 rows and material_class is activated_carbon. The paper counts toward 77K_BET and volumetric only"
HYC-0032,Combined experimental and simulation study on H 2 storage in oxygen and nitrogen co-doped activated carbon derived from biomass waste: superior pore size and surface chemistry development,Suphakorn Anuchitsakol; Waralee Dilokekunakul; Numphueng Khongtor; Somboon Chaemchuen; Nikom Klomkliang,2023,RSC Advances,10.1039/d3ra06720c,phase_d:A1:A1-01,include,,yes,verified,2026-10-02,"reports 77 K uptake and a BET area; doped carbon measured at 77 K (Fig 4 / ML doping blocker); title says ""Combined experimental and simulation""; confirm the experimental isotherms on arrival; Agent B: 178 cells verified, all numeric and controlled-vocabulary cells agreed; 1 dispute upheld (KOH:char mass ratio inverted in the 3 N-AC synthesis descriptions, corrected to 2 g KOH per 1 g char); pore_volume_method unspecified dismissed by corpus convention"
HYC-0033,Boron-neutron Capture on Activated Carbon for Hydrogen Storage,Jimmy Romanos; Matthew D. Beckner; Matthew Prosniewski; Tyler Rash; Mark Lee; J. David Robertson; Lucyna Firlej; Bogdan Kuchta; Peter Pfeifer,2019,Scientific Reports,10.1038/s41598-019-39417-6,phase_d:A1:A1-06,include,,yes,verified,2026-10-02,"reports 77 K uptake and a BET area; doped carbon measured at 77 K (Fig 4 / ML doping blocker); Agent B: 44 cells verified, 0 disputes; characterization-only, figure-only uptake independently confirmed (no numeric uptake in any table or text)"
HYC-0034,Nitrogen-doped porous carbons with high performance for hydrogen storage,Ziqiang Wang; Lixian Sun; Fen Xu; Huaiying Zhou; Xiaojun Peng; Dalin Sun; Jianchuan Wang; Yong Du,2016,International Journal of Hydrogen Energy,10.1016/j.ijhydene.2016.03.023,phase_d:A1:A1-08,include,,yes,verified,2026-10-02,"reports 77 K uptake and a BET area; doped carbon measured at 77 K (Fig 4 / ML doping blocker); Agent B: 262 cells verified, 0 disputes (full Table 1 re-transcribed independently; no swaps, HC precursor correctly excluded)"
HYC-0035,"Influence of doping nitrogen, sulfur, and phosphorus on activated carbons for gas adsorption of H2, CH4 and CO2",D. Li; Weihua Li; Jinsong Shi; Fudong Xin,2016,RSC Advances,10.1039/c6ra06620h,phase_d:A1:A1-09,include,,no,not_started,,"reports 77 K uptake and a BET area; doped carbon measured at 77 K (Fig 4 / ML doping blocker); full text not retrieved 2026-09-30 (RSC, no institutional access); screened in and still wanted"
HYC-0036,Hydrogen storage in a Ni–B nanoalloy-doped three-dimensional graphene material,Yi Wang; Chunxian Guo; Xin Wang; Cong Guan; Hongbin Yang; Kean Wang; Chang Ming Li,2010,Energy & Environmental Science,10.1039/c0ee00357c,phase_d:A1:A1-13,include,,no,not_started,,"reports 77 K uptake and a BET area; doped carbon measured at 77 K (Fig 4 / ML doping blocker); full text not retrieved 2026-09-30 (RSC, no institutional access); screened in and still wanted"
HYC-0037,Facile synthesis and hydrogen storage application of nitrogen-doped carbon nanotubes with bamboo-like structure,Liang Chen; Kaisheng Xia; Lizhen Huang; Liwei Li; Libin Pei; Shunxin Fei,2013,International Journal of Hydrogen Energy,10.1016/j.ijhydene.2013.01.055,phase_d:A1:A1-11,include,,yes,verified,2026-10-02,"doped carbon measured at 77 K (Fig 4 / ML doping blocker); low or negative result (bias guard, §7.4); Agent B: 53 cells verified, 0 numeric disputes; 2 judgment calls resolved (pore_volume_method unspecified kept by convention; uptake_bound exact per primary table)"
HYC-0038,Hydrogen Storage in Pure and Boron-Substituted Nanoporous Carbons—Numerical and Experimental Perspective,Lucyna Firlej; Bogdan Kuchta; Katarzyna Walczak; Catherine Journet,2021,Nanomaterials,10.3390/nano11092173,phase_d:A1:A1-02,exclude,no_experimental_uptake,yes,not_started,,"doped carbon measured at 77 K (Fig 4 / ML doping blocker); title says ""Numerical and Experimental Perspective""; confirm experimental data present, exclude if simulation-only EXCLUDED at full-text review 2026-10-02 (ratified): no extractable experimental (T, P, uptake) measurement -- all uptake isotherms are GCMC-simulated; the only experimental H2 result is an adsorption energy (~9 kJ/mol, Fig 6d, from 77 K/87 K isotherms), with no pressure axis and no anchored uptake value. Kept in the bibliography for PRISMA (manual 7.5). SI could rescue it later."
HYC-0039,"Hydrogen Storage in Untreated/Ammonia-Treated and Transition Metal-Decorated (Pt, Pd, Ni, Rh, Ir and Ru) Activated Carbons",Mohamed F. Aly Aboud; Zeid A. ALOthman; Abdulaziz Bagabas,2021,Applied Sciences,10.3390/app11146604,phase_d:A1:A1-07,include,,yes,verified,2026-10-02,"doped carbon measured at 77 K (Fig 4 / ML doping blocker); Agent B: 536 cells, 0 numeric disputes; Agent C nulled inherited N wt% on 6 metal+NH3 composites, added calibration point (He void-volume), removed metal impregnation from activation_method"
HYC-0040,Hydrogen storage in Nickel dispersed boron doped reduced graphene oxide,A. Flamina; Rao M. Raghavendra; Anshul Gupta; Anandh Subramaniam,2023,Applied Surface Science Advances,10.1016/j.apsadv.2023.100371,phase_d:A1:A1-14,include,,yes,verified,2026-10-02,"doped carbon measured at 77 K (Fig 4 / ML doping blocker); Agent B: 144 cells, 0 numeric disputes; Agent C added calibration point, applied physics override (77 K 9.8/8.2/6.9 wt% -> Tier D), kept B-rGO as rGO+B, added wt%-basis note"
HYC-0041,Modification of a commercial activated carbon with nitrogen and boron: Hydrogen storage application,Arturo Morandé; Patricio Lillo; Élodie Blanco; César Pazo-Carballo; Ana Belén Dongil; Ximena Zárate; Mario Saavedra-Torres; Eduardo Schott; Roberto I. Canales; Álvaro Videla; N. Escalona,2023,Journal of Energy Storage,10.1016/j.est.2023.107193,phase_d:A1:A1-04,include,,yes,verified,2026-10-02,"doped carbon measured at 77 K (Fig 4 / ML doping blocker); Agent B: 279 cells, 0 numeric disputes, 0 vocab/policy violations; Agent C per-sample source_location, co-doped dopant 'B, N' endorsed"
HYC-0042,Polymer-Based Shaping Strategy for Zeolite Templated Carbons (ZTC) and Their Metal Organic Framework (MOF) Composites for Improved Hydrogen Storage Properties,Lerato Y. Molefe; Nicholas Mulei Musyoka; Jianwei Ren; Henrietta Wakuna Langmi; Mkhulu Kenneth Mathe; Patrick Gathura Ndungu,2019,Frontiers in Chemistry,10.3389/fchem.2019.00864,phase_d:A2:A2-05,include,,yes,verified,2026-10-02,"reports 77 K uptake and a BET area; research group not represented in the corpus; Agent B: ~60 cells, 0 numeric disputes, scope confirmed; Agent C set composite synthesis_method=template_synthesis, pore_volume_method=unspecified, added ZTC purification to composites"
HYC-0043,Preparation and adsorption of CO2 and H2 by activated carbon hollow fibers from rubber wood (Hevea brasiliensis),Liyan Ma; Jianing Li; Xiaojun Ma,2019,BioResources,10.15376/biores.14.4.9755-9765,phase_d:A2:A2-06,include,,yes,verified,2026-10-02,"reports 77 K uptake and a BET area; research group not represented in the corpus; Agent B: ~60 cells, 0 numeric disputes; Agent C downgraded 100-bar row to Tier C (Fig 4b excess max ~25-30 bar), fixed functional_groups to at.pct"
HYC-0044,The Enhanced Hydrogen Storage Capacity of Carbon Fibers: The Effect of Hollow Porous Structure and Surface Modification,Sung-Ho Hwang; Young Kwang Kim; Hyejin Seo; Soon Moon Jeong; Jongwon Kim; Sang Kyoo Lim,2021,Nanomaterials,10.3390/nano11071830,phase_d:A2:A2-07,include,,yes,verified,2026-10-02,"reports 77 K uptake and a BET area; research group not represented in the corpus; Agent B (sonnet) independent re-extraction, 0 numeric disputes; Agent C: pore_diameter_method HK->other (Saito-Foley). 12 rows (7 measured + 5 characterization-only)."
HYC-0045,Preparation of ultrahigh surface area porous carbons templated using zeolite 13X for enhanced hydrogen storage,Eric Masika; Robert Mokaya,2013,Progress in Natural Science: Materials International,10.1016/j.pnsc.2013.04.007,phase_d:A2:A2-01,include,,yes,verified,2026-10-02,"reports 77 K uptake and a BET area; research group not represented in the corpus; Agent B (sonnet) 0 numeric disputes; total/excess uptake_type confirmed by exact-word rule; Langmuir 9.22 and zeolite template excluded. 6 rows, all Tier A (buoyancy calibration)."
HYC-0046,Toward New Candidates for Hydrogen Storage: High-Surface-Area Carbon Aerogels,Houria Kabbour; Theodore F. Baumann; Joe H. Satcher; Angelique Saulnier; Channing C. Ahn,2006,Chemistry of Materials,10.1021/cm062329a,phase_d:A2:A2-02,include,,yes,verified,2026-10-02,reports 77 K uptake and a BET area; research group not represented in the corpus; Agent B (sonnet) 0 numeric disputes; pressure_unstated split confirmed (only 3200 ACA at 30 bar); 330 m2/g organic aerogel excluded; Ni/Co->composite. 9 rows.
HYC-0047,Experimental evidence of an upper limit for hydrogen storage at 77 K on activated carbons,Vanessa Fierro; A. Szczurek; Claudia Zlotea; Jean François Mareche; M.T. Izquierdo; Andrzej Albiniak; M. Latroche; Guy Furdin; Alain Celzard,2010,Carbon,10.1016/j.carbon.2010.01.052,phase_d:A2:A2-03,include,,yes,verified,2026-10-02,"reports 77 K uptake and a BET area; research group not represented in the corpus; Agent B (sonnet) 0 value disputes; Agent C: pressure MPa->bar (50/40) and pore_diameter_method->stoeckli_L0. Multi-lab/device, 32 rows all Tier A (He-void/buoyancy calibration)."
HYC-0048,"Systematic physicochemical characterization, carbon balance and cost of production analyses of activated carbons derived from (Co)-HTC of coal discards and sewage sludge for hydrogen storage applications",Gentil Mwengula Kahilu; Samson Oluwaseyi Bada; Jean Lubilanji Mulopo,2023,Waste Disposal & Sustainable Energy,10.1007/s42768-023-00136-4,phase_d:A2:A2-09,include,,yes,verified,2026-10-02,"reports 77 K uptake and a BET area; research group not represented in the corpus; Agent B (sonnet) 0 numeric disputes; Agent C: average_pore_diameter dropped (Tables 4/6/8 irreconcilable, AC-HCB fails 4V/S). 3 rows, Tier B."
HYC-0049,Zeolite-Templated Carbon Materials for High-Pressure Hydrogen Storage,Nicholas P. Stadie; John J. Vajo; Robert W. Cumberland; Andrew A. Wilson; Channing C. Ahn; Brent T. Fultz,2012,Langmuir,10.1021/la302050m,phase_d:A2:A2-12,include,,yes,verified,2026-10-02,"reports 77 K uptake and a BET area; research group not represented in the corpus; Agent B (sonnet) independent re-derivation, 0 disputes; uptake_type=excess, 300 bar room-temp rows admitted flagged (S11.4); He-void+background calibration -> 6 Tier A, 4 B. 10 rows."
HYC-0050,H2 storage in carbon materials,Leire Zubizarreta; Elaine Gomez; Ana Arenillas; Conchi O. Ania; José Bernardo Parra; José Juan Pis,2008,Adsorption,10.1007/s10450-008-9116-y,phase_d:A2:A2-13,include,,yes,verified,2026-10-02,"reports 77 K uptake and a BET area; research group not represented in the corpus; Agent B (sonnet) 0 numeric disputes; 6 measured + 6 characterization-only; Agent C: char-only extraction_method->table_direct, M6 confidence->4; micropore area (Stoeckli back-calc) not recorded. all Tier B. 12 rows."
HYC-0051,"Hydrogen storage capacity of carbon nanotubes, filaments, and vapor-grown fibers",Gary G. Tibbetts; Gregory P. Meisner; Charles H. Olk,2001,Carbon,10.1016/s0008-6223(01)00051-3,phase_d:A4:A4-06,include,,yes,verified,2026-10-02,"1998-2005 controversy-era literature (bias guard, §7.4); low or negative result (bias guard, §7.4); research group not represented in the corpus; journal Adsorption; confirm this is original measurement and not a review before extracting; Agent B (sonnet) 0 numeric disputes; metals excluded; 2-column PCI 35.9 bar / manual 110 bar placement + upper bounds verified; original measurement (not a review) confirmed; Agent C: M1/M2 uncertainty added, M3/M4 synthesis->commercial (supplier only), FeNiCu activation cleared. all Tier B. 11 rows."
HYC-0052,A comparative study of hydrogen adsorption on superactivated carbon versus carbon nanotubes,Li Peng Zhou,2004,International Journal of Hydrogen Energy,10.1016/s0360-3199(03)00092-2,phase_d:A4:A4-23,include,,yes,verified,2026-10-02,"1998-2005 controversy-era literature (bias guard, §7.4); low or negative result (bias guard, §7.4); research group not represented in the corpus; Agent B (sonnet) 0 numeric disputes (nAC/nNT ratio cross-check; 318 K not tabulated, not added); Agent C: AX-21 pore_volume_probe_gas N2->blank. AX-21 Tier B, MWNT Tier A. 8 rows."
HYC-0053,Densification of cellulose acetate-derived porous carbons for enhanced volumetric hydrogen adsorption performance,Hiroshi Matsutaka; Aya Kashifuku; Takaaki Orii; Daigo Miyajima; Naoki Uchiyama; Satoshi Wada; Hirotomo Nishihara,2025,Journal of Materials Chemistry A,10.1039/d5ta00993f,phase_d:A3:A3-08,include,,yes,verified,2026-10-02,"research group not represented in the corpus; reports volumetric storage density (gap 10 fields); Agent B (sonnet) 0 numeric disputes; 16-sample inventory + pellet density/vol-capacity verified; CA->activated_carbon, ZIF-8->other/pyrolysis; Agent C: S14 activation trimmed, M1/M2 kept Tier B (Chahine graded 1 + S13.5 mechanism). all Tier B. 16 rows."
HYC-0054,Exceptional gravimetric and volumetric hydrogen storage for densified zeolite templated carbons with high mechanical stability,Eric Masika; Robert Mokaya,2013,Energy & Environmental Science,10.1039/c3ee42239a,phase_d:A3:A3-02,include,,no,not_started,,"research group not represented in the corpus; reports volumetric storage density (gap 10 fields); full text not retrieved 2026-09-30 (RSC, no institutional access); screened in and still wanted"
HYC-0055,"Synthesis, characterization, and hydrogen storage capacities of hierarchical porous carbide derived carbon monolith",Jiacheng Wang; Martin Oschatz; Tim Biemelt; Lars Borchardt; Irena Senkovska; Martin R. Lohe; Stefan Kaskel,2012,Journal of Materials Chemistry,10.1039/c2jm34472f,phase_d:A3:A3-04,include,,no,not_started,,"research group not represented in the corpus; reports volumetric storage density (gap 10 fields); full text not retrieved 2026-09-30 (RSC, no institutional access); screened in and still wanted"
HYC-0056,Templating of carbon in zeolites under pressure: synthesis of pelletized zeolite templated carbons with improved porosity and packing density for superior gas (CO2 and H2) uptake properties,Norah Balahmar; Alexander M. Lowbridge; Robert Mokaya,2016,Journal of Materials Chemistry A,10.1039/c6ta06176a,phase_d:A3:A3-05,include,,no,not_started,,"research group not represented in the corpus; reports volumetric storage density (gap 10 fields); 14-laboratory round robin; may yield several rows per material and is a calibration anchor for §13; full text not retrieved 2026-09-30 (RSC, no institutional access); screened in and still wanted"
HYC-0057,High surface area microporous carbon materials for cryogenic hydrogen storage synthesized using new template-based and activation-based approaches,Gregory P. Meisner; Qingyuan Hu,2009,Nanotechnology,10.1088/0957-4484/20/20/204023,phase_d:A2:A2-16,include,,yes,verified,2026-10-02,"reports 77 K uptake and a BET area; research group not represented in the corpus; verified 2026-10-02 (dual-agent re-derivation, manual 3.2/5.2): 25 rows, 7 A/18 B; 0 numeric disputes; Langmuir areas populated on the 7 templated carbons; HF template-removal purity point kept (HYC-0049 precedent)"
HYC-0058,Functional Sulfur-Doped Biocarbon for Hydrogen Storage: Development of Nanomaterials for Energy Applications,D. Rosas-Medellín; Beatriz Escobar; Karina Suárez-Alclántara; Carlos Pacheco; Romeli Barbosa,2024,Processes,10.3390/pr12122715,phase_d:A1:A1-03,include,,yes,verified,2026-10-02,"doped carbon, not at 77 K; low or negative result (bias guard, §7.4); the original alkali-doped CNT high-uptake claim that HYC-0003 refutes; expect Tier D; verified 2026-10-02 (dual-agent, manual 3.2/5.2): 2 rows, both Tier B; S-doped Sargassum biocarbon at 318 K/50 bar; BET 1670/1620 inconsistency noted; purity point withheld (HYC-0053/0057 precedent)"
HYC-0059,"A detailed experimental comparison on the hydrogen storage ability of different forms of graphitic carbon nitride (bulk, nanotubes and sheets) with multiwalled carbon nanotubes",Ruiran Guo; Yu-Fu Tseng; I. Retita; Ghazaleh Bahmanrokh; Barton Mensah Arkhurst; S.L.I. Chan,2023,Materials Today Chemistry,10.1016/j.mtchem.2023.101508,phase_d:A1:A1-12,include,,no,not_started,,"doped carbon, not at 77 K; low or negative result (bias guard, §7.4) FULL TEXT NOT RETRIEVED 2026-10-05: UNT has no access to Guo et al. 2023 (Mater. Today Chem. 30, 101508, DOI 10.1016/j.mtchem.2023.101508). The file held as HYC-0059_guo2023.pdf is a MISFILE -- its contents are the Harisankar et al. 2025 review (Korean J. Chem. Eng. 42:13-42), not Guo. pdf_obtained set to no; stays screening_decision=include on the PRISMA 'reports not retrieved' line with HYC-0035/0036/0054/0055/0056 (manual 7.5). Not an exclusion."
HYC-0060,A Round Robin characterisation of the hydrogen sorption properties of a carbon based material,Claudia Zlotea; Pietro Moretto; Theodore Steriotis,2009,International Journal of Hydrogen Energy,10.1016/j.ijhydene.2009.01.079,phase_d:A4:A4-07,include,,yes,verified,2026-10-02,"low or negative result (bias guard, §7.4); verified 2026-10-02 (dual-agent, manual 3.2/5.2): 3 rows, all Tier A; 14-lab Round Robin consensus on Takeda CMS 4A; 77 K Chahine=2 by hand (13.5 narrow-micropore mechanism)"
HYC-0061,Influence of sample cell physisorption on measurements of hydrogen storage of carbon materials using a Sieverts apparatus,Yuanzhen Chen; Qing Liu; Yisheng Yan; Xiaohua Cheng; Yongning Liu,2010,Carbon,10.1016/j.carbon.2009.10.016,phase_d:A4:A4-08,include,,yes,verified,2026-10-02,"low or negative result (bias guard, §7.4); verified 2026-10-02 (dual-agent, manual 3.2/5.2): 10 rows, 6 B/4 C; sample-cell physisorption Sieverts study; Agent B caught GNF/GO ambient swap (fixed); non-AC surface_area_method=not_reported"
HYC-0062,High H2 Uptake by Alkali-Doped Carbon Nanotubes Under Ambient Pressure and Moderate Temperatures,Ping Chen; Xiaojun Wu; Jianyi Lin; K. L. Tan,1999,Science,10.1126/science.285.5424.91,phase_d:A4:A4-01,include,,yes,verified,2026-10-05,"1998-2005 controversy-era literature (bias guard, §7.4); doped carbon, not at 77 K; verified 2026-10-05 (dual-agent, 3.2/5.2): 5 rows, 4 D + 1 C; Chen 1999 Science CONTROVERSY paper (alkali-doped CNT, Yang-2000 moisture artifact) retained at Tier D per 13.6; doped CNT=MWCNT+dopant, doped graphite=other; undoped baseline C; new warning Uptake>10wt%"
HYC-0063,Hydrogen storage on highly porous novel corn grain-based carbon monoliths,M.S. Balathanigaimani; Wang‐Geun Shim; Tak-Hee Kim; Sung June Cho; Jae‐Wook Lee; Hee Chul Moon,2009,Catalysis Today,10.1016/j.cattod.2009.02.025,phase_d:A2:A2-04,include,,yes,verified,2026-10-05,"research group not represented in the corpus; verified 2026-10-05 (dual-agent, 3.2/5.2): 6 rows, all B; corn-grain AC monoliths; synthesis_method=unknown (agent unnamed); 77 K per-sample figure-only -> MR-1/3,MR-1/4 upper-bound, MR-1/2 anchored via volumetric"
HYC-0064,Synthesis of activated carbon from Zhundong coal and its hydrogen storage application,Shengming Cheng; Xingxing Cheng; Zhiqiang Wang; Ning Yuan; Xuetao Wang,2025,International Journal of Coal Science & Technology,10.1007/s40789-025-00811-3,phase_d:A2:A2-10,include,,yes,verified,2026-10-05,"research group not represented in the corpus; verified 2026-10-05 (dual-agent, 3.2/5.2): 7 rows, all B; Zhundong-coal AC; calibration point WITHHELD (bare volume-calibration, HYC-0057 precedent) so no Tier A; purity kept (HCl demineralization+XRF); 0.91 not 1.26"
HYC-0065,Effect of Pd loading on hydrogen storage properties of disordered mesoporous hollow carbon spheres,Martyna Baca; Krzysztof Cendrowski; Paweł Banach; Beata Michalkiewicz; Ewa Mijowska; Ryszard J. Kaleńczuk; Beata Zielińska,2017,International Journal of Hydrogen Energy,10.1016/j.ijhydene.2017.10.146,phase_d:A1:A1-15,include,,yes,verified,2026-10-05,"doped carbon, not at 77 K; verified 2026-10-05 (dual-agent, 3.2/5.2): 15 rows (5 samples x 20/30/45 bar, Table 3 points added per 10.3), all B; Pd@mesoporous hollow carbon spheres; composite+metal_loading; Pd@C_120 excluded"